row_index,question_id,filename,reason
2,9400,9400.json,null_output
7,1837,1837.json,null_output
13,8815,8815.json,null_output
17,2780,2780.json,null_output
19,6897,6897.json,null_output
24,3798,3798.json,null_output
25,738,738.json,null_output
28,1828,1828.json,null_output
31,8561,8561.json,null_output
33,2892,2892.json,null_output
34,6328,6328.json,null_output
45,3799,3799.json,null_output
46,3703,3703.json,null_output
62,9402,9402.json,null_output
65,4744,4744.json,null_output
74,3178,3178.json,null_output
77,4682,4682.json,null_output
80,6194,6194.json,null_output
82,7120,7120.json,null_output
83,9397,9397.json,null_output
84,8571,8571.json,null_output
91,6190,6190.json,null_output
94,8037,8037.json,null_output
99,8726,8726.json,null_output
106,4173,4173.json,null_output
108,4932,4932.json,null_output
120,6836,6836.json,null_output
121,1057,1057.json,null_output
122,3183,3183.json,null_output
124,2707,2707.json,null_output
132,6063,6063.json,null_output
133,7626,7626.json,null_output
136,7625,7625.json,null_output
138,2564,2564.json,null_output
140,6461,6461.json,null_output
141,5143,5143.json,null_output
145,3145,3145.json,null_output
147,2894,2894.json,null_output
148,3598,3598.json,null_output
151,205,205.json,null_output
153,1855,1855.json,null_output
162,6415,6415.json,null_output
167,9395,9395.json,null_output
172,9345,9345.json,null_output
174,4572,4572.json,null_output
179,1685,1685.json,null_output
184,580,580.json,null_output
194,5295,5295.json,null_output
195,6333,6333.json,null_output
197,8729,8729.json,null_output
208,3858,3858.json,null_output
209,2048,2048.json,null_output
211,1478,1478.json,null_output
213,1884,1884.json,null_output
215,2133,2133.json,null_output
221,2896,2896.json,null_output
222,1305,1305.json,null_output
223,4171,4171.json,null_output
226,4543,4543.json,null_output
227,1839,1839.json,null_output
235,1821,1821.json,null_output
241,6593,6593.json,null_output
246,7277,7277.json,null_output
248,7119,7119.json,null_output
250,8031,8031.json,null_output
253,6648,6648.json,null_output
254,8802,8802.json,null_output
261,7518,7518.json,null_output
265,8816,8816.json,null_output
270,1252,1252.json,null_output
276,748,748.json,null_output
278,1691,1691.json,null_output
279,191,191.json,null_output
287,6195,6195.json,null_output
294,7627,7627.json,null_output
299,9369,9369.json,null_output
303,7782,7782.json,null_output
304,8212,8212.json,null_output
307,8342,8342.json,null_output
315,2625,2625.json,null_output
316,4810,4810.json,invalid_json: JSONDecodeError
328,2281,2281.json,null_output
334,4122,4122.json,null_output
344,3146,3146.json,null_output
347,4360,4360.json,null_output
352,3160,3160.json,null_output
353,5006,5006.json,null_output
356,6057,6057.json,null_output
365,6147,6147.json,null_output
370,8855,8855.json,null_output
371,7786,7786.json,null_output
372,9331,9331.json,null_output
374,9016,9016.json,null_output
381,9337,9337.json,null_output
387,8203,8203.json,null_output
388,9379,9379.json,null_output
389,7495,7495.json,null_output
393,2636,2636.json,null_output
395,1065,1065.json,null_output
396,3172,3172.json,null_output
403,1364,1364.json,null_output
404,2882,2882.json,null_output
405,1357,1357.json,null_output
411,4475,4475.json,null_output
413,3139,3139.json,null_output
417,4695,4695.json,null_output
420,2921,2921.json,null_output
428,6413,6413.json,null_output
437,8222,8222.json,null_output
451,6215,6215.json,null_output
453,1693,1693.json,null_output
454,3129,3129.json,null_output
455,2094,2094.json,null_output
458,1299,1299.json,null_output
459,1354,1354.json,null_output
462,1706,1706.json,null_output
467,3786,3786.json,null_output
470,3155,3155.json,null_output
474,4677,4677.json,null_output
477,1436,1436.json,null_output
485,2613,2613.json,null_output
487,1241,1241.json,null_output
496,2137,2137.json,null_output
498,4586,4586.json,null_output
499,2145,2145.json,null_output
502,2063,2063.json,null_output
504,4560,4560.json,null_output
508,6223,6223.json,null_output
509,5070,5070.json,null_output
515,6494,6494.json,null_output
516,6161,6161.json,null_output
517,6493,6493.json,null_output
518,6182,6182.json,null_output
522,6475,6475.json,null_output
526,6672,6672.json,null_output
535,6768,6768.json,null_output
541,2916,2916.json,null_output
548,945,945.json,null_output
551,1371,1371.json,null_output
553,115,115.json,null_output
556,3471,3471.json,null_output
561,4732,4732.json,null_output
572,3788,3788.json,null_output
580,1907,1907.json,null_output
586,1061,1061.json,null_output
588,2066,2066.json,null_output
599,5098,5098.json,null_output
610,8221,8221.json,null_output
612,8809,8809.json,null_output
619,2501,2501.json,null_output
620,2541,2541.json,null_output
628,1843,1843.json,null_output
632,3173,3173.json,null_output
633,4348,4348.json,null_output
639,2050,2050.json,null_output
640,135,135.json,null_output
643,1879,1879.json,null_output
649,4846,4846.json,null_output
653,2965,2965.json,null_output
656,2631,2631.json,null_output
668,1482,1482.json,null_output
669,1583,1583.json,null_output
673,2093,2093.json,null_output
678,4005,4005.json,null_output
679,1758,1758.json,null_output
683,6160,6160.json,null_output
685,5577,5577.json,null_output
689,5942,5942.json,null_output
692,5843,5843.json,null_output
700,5383,5383.json,null_output
709,8036,8036.json,null_output
723,8043,8043.json,null_output
725,7121,7121.json,null_output
728,8045,8045.json,null_output
729,8277,8277.json,null_output
730,8559,8559.json,null_output
733,7003,7003.json,null_output
737,3363,3363.json,null_output
740,666,666.json,null_output
748,4407,4407.json,null_output
754,1698,1698.json,null_output
764,4464,4464.json,null_output
765,4913,4913.json,null_output
768,2278,2278.json,null_output
774,4845,4845.json,null_output
792,793,793.json,null_output
796,1675,1675.json,null_output
798,1836,1836.json,null_output
804,1570,1570.json,null_output
813,3782,3782.json,null_output
816,5428,5428.json,null_output
822,5847,5847.json,null_output
